{
  "width": 640,
  "height": 360,
  "fps": 30,
  "main": "./script/aez_bundle_main.js",
  "assets": {
    "clear": {
      "type": "image",
      "width": 256,
      "height": 144,
      "path": "files/9cd99d5d1a656e06161e.png",
      "hint": {
        "untainted": true
      },
      "virtualPath": "image/clear.png"
    },
    "entry": {
      "type": "image",
      "width": 256,
      "height": 144,
      "path": "files/1b0a1cd8235c87a374c2.png",
      "hint": {
        "untainted": true
      },
      "virtualPath": "image/entry.png"
    },
    "aez_bundle_main": {
      "type": "script",
      "global": true,
      "path": "files/f086925699839f7a9594.js",
      "virtualPath": "script/aez_bundle_main.js"
    }
  },
  "moduleMainScripts": {},
  "environment": {
    "sandbox-runtime": "2",
    "niconico": {
      "supportedModes": [
        "multi"
      ]
    },
    "external": {
      "send": "0"
    },
    "akashic-runtime": {
      "version": "~2.1.37",
      "flavor": "-canvas"
    }
  },
  "exportZipInfo": {
    "version": "0.6.45",
    "option": {
      "force": true,
      "strip": true,
      "minify": false,
      "bundle": true,
      "babel": true,
      "omitEmptyJs": true,
      "targetService": "nicolive"
    }
  },
  "globalScripts": []
}